"test","bytes","1 bit","4 bits","8 bits","11 bits","12 bits","16 bits","8 bits order 1"
"Data/lastquestion.txt","25334","0.991129","0.843824","0.582350","0.834585","0.651144","0.505533","0.506988"
"Data/lastquestion.enc","373","0.999857","0.996007","0.926048","0.729373","0.657220","0.471197","0.532356"
"Data/lastquestion.txt.zip","893","0.999673","0.997456","0.962633","0.813412","0.757105","0.548376","0.610350"
"Data/lastquestion.enc.zip","424","0.998101","0.992146","0.923739","0.737280","0.667548","0.479457","0.541215"
"Data/lastquestion.txt.zip.b64.txt","14016","0.997783","0.884485","0.749459","0.936098","0.818566","0.719353","0.735172"
"Small White Noise","8","0.974489","0.800705","0.375000","0.211084","0.193494","0.125000","0.175460"
"White Noise","100000","0.999996","0.999989","0.999733","0.998111","0.996239","0.934451","0.965912"
"Blue Noise","100000","0.999979","0.999704","0.998206","0.997551","0.992715","0.904574","0.926080"