"test","1 bits","4 bits","8 bits","11 bits","12 bits","16 bits"
"Data/lastquestion.txt","0.991129","0.843824","0.582350","0.834585","0.651144","0.505533"
"Data/lastquestion.enc","0.999857","0.996007","0.926048","0.729373","0.657220","0.471197"
"Data/lastquestion.txt.zip","0.999673","0.997456","0.962633","0.813412","0.757105","0.548376"
"Data/lastquestion.enc.zip","0.998101","0.992146","0.923739","0.737280","0.667548","0.479457"
"Data/lastquestion.txt.zip.b64.txt","0.997783","0.884485","0.749459","0.936098","0.818566","0.719353"
"Small White Noise","0.974489","0.800705","0.375000","0.211084","0.193494","0.125000"
"White Noise","1.000000","0.999999","0.999972","0.999773","0.999537","0.992074"
"Blue Noise","0.999997","0.999899","0.998681","0.980453","0.954262","0.759765"