"test","bytes","1 bit","4 bits","8 bits","11 bits","12 bits","16 bits","8 bits order 1"
"Data/lastquestion.txt","25700","0.990808","0.848743","0.587525","0.834207","0.652196","0.505098","0.506502"
"Data/lastquestion.enc","25728","0.999999","0.999944","0.999079","0.992953","0.984746","0.841779","0.893327"
"Data/lastquestion.txt.zip","10512","0.999994","0.999652","0.997114","0.980547","0.958070","0.765684","0.823119"
"Data/lastquestion.enc.zip","25868","0.999991","0.999935","0.999006","0.992409","0.984779","0.841512","0.893082"
"Data/lastquestion.txt.zip.b64.txt","14016","0.997783","0.884485","0.749459","0.936098","0.818566","0.719353","0.735172"
"Small White Noise","8","0.974489","0.800705","0.375000","0.211084","0.193494","0.125000","0.175460"
"White Noise","100000","0.999996","0.999989","0.999733","0.998111","0.996239","0.934451","0.965912"
"Blue Noise","100000","0.999979","0.999704","0.998206","0.997551","0.992715","0.904574","0.926080"